{
	"generator_info": "Shape definitions generated with PhysicsEditor. Visit https://www.codeandweb.com/physicseditor",
	"logo": {
		"type": "fromPhysicsEditor",
		"label": "logo",
		"isStatic": true,
		"density": 0.1,
		"restitution": 0,
		"friction": 0.1,
		"frictionAir": 0.01,
		"frictionStatic": 0,
		"collisionFilter": {
			"group": 0,
			"category": 1,
			"mask": 255
		},
		"fixtures": [
			{
				"label": "",
				"isSensor": false,
				"vertices": [
					[ { "x":404, "y":418 }, { "x":406, "y":418 }, { "x":458, "y":394 }, { "x":456, "y":386 }, { "x":403, "y":415 } ],
					[ { "x":396, "y":362 }, { "x":391, "y":373 }, { "x":391, "y":395 }, { "x":396, "y":408 }, { "x":437, "y":361 }, { "x":427, "y":356 }, { "x":417, "y":354 }, { "x":406, "y":355 } ],
					[ { "x":453, "y":423 }, { "x":457, "y":415 }, { "x":458, "y":394 }, { "x":406, "y":418 }, { "x":408, "y":421 }, { "x":417, "y":426 }, { "x":426, "y":429 }, { "x":444, "y":429 } ],
					[ { "x":449, "y":372 }, { "x":437, "y":361 }, { "x":396, "y":408 }, { "x":403, "y":415 }, { "x":456, "y":386 } ]
				]
			},
			{
				"label": "",
				"isSensor": false,
				"vertices": [
					[ { "x":182, "y":390 }, { "x":197, "y":389 }, { "x":197, "y":320 }, { "x":194, "y":319 }, { "x":182, "y":321 } ]
				]
			},
			{
				"label": "",
				"isSensor": false,
				"vertices": [
					[ { "x":158, "y":399 }, { "x":158, "y":387 }, { "x":154, "y":386 }, { "x":136, "y":390 }, { "x":136, "y":401 } ],
					[ { "x":123, "y":335 }, { "x":109, "y":338 }, { "x":109, "y":407 }, { "x":123, "y":391 } ],
					[ { "x":109, "y":407 }, { "x":136, "y":401 }, { "x":136, "y":390 }, { "x":123, "y":391 } ]
				]
			},
			{
				"label": "",
				"isSensor": false,
				"vertices": [
					[ { "x":39, "y":360 }, { "x":39, "y":429 }, { "x":45, "y":427 }, { "x":54, "y":399 }, { "x":65, "y":351 } ],
					[ { "x":83, "y":349 }, { "x":73, "y":349 }, { "x":65, "y":351 }, { "x":82, "y":387 }, { "x":84, "y":387 }, { "x":91, "y":378 }, { "x":93, "y":362 }, { "x":91, "y":355 } ],
					[ { "x":43, "y":429 }, { "x":45, "y":427 }, { "x":39, "y":429 } ],
					[ { "x":54, "y":425 }, { "x":54, "y":399 }, { "x":45, "y":427 } ],
					[ { "x":80, "y":390 }, { "x":82, "y":387 }, { "x":65, "y":351 }, { "x":54, "y":399 }, { "x":76, "y":392 } ]
				]
			},
			{
				"label": "",
				"isSensor": false,
				"vertices": [
					[ { "x":462, "y":310 }, { "x":460, "y":287 }, { "x":425, "y":269 }, { "x":438, "y":297 } ],
					[ { "x":455, "y":251 }, { "x":454, "y":229 }, { "x":422, "y":213 }, { "x":427, "y":237 } ],
					[ { "x":427, "y":237 }, { "x":422, "y":213 }, { "x":393, "y":202 }, { "x":394, "y":225 } ],
					[ { "x":438, "y":297 }, { "x":425, "y":269 }, { "x":393, "y":257 }, { "x":409, "y":285 } ],
					[ { "x":409, "y":285 }, { "x":393, "y":257 }, { "x":367, "y":271 } ],
					[ { "x":393, "y":257 }, { "x":394, "y":225 }, { "x":393, "y":202 }, { "x":367, "y":146 }, { "x":367, "y":271 } ],
					[ { "x":459, "y":184 }, { "x":406, "y":158 }, { "x":367, "y":146 }, { "x":432, "y":191 }, { "x":458, "y":206 }, { "x":460, "y":205 } ],
					[ { "x":393, "y":202 }, { "x":393, "y":176 }, { "x":367, "y":146 } ],
					[ { "x":393, "y":176 }, { "x":432, "y":191 }, { "x":367, "y":146 } ]
				]
			},
			{
				"label": "",
				"isSensor": false,
				"vertices": [
					[ { "x":340, "y":254 }, { "x":340, "y":232 }, { "x":303, "y":226 }, { "x":278, "y":224 }, { "x":306, "y":248 } ],
					[ { "x":306, "y":248 }, { "x":278, "y":224 }, { "x":252, "y":246 } ],
					[ { "x":252, "y":246 }, { "x":278, "y":224 }, { "x":277, "y":126 }, { "x":252, "y":117 } ]
				]
			},
			{
				"label": "",
				"isSensor": false,
				"vertices": [
					[ { "x":99, "y":259 }, { "x":136, "y":244 }, { "x":146, "y":117 }, { "x":99, "y":134 } ],
					[ { "x":136, "y":244 }, { "x":165, "y":236 }, { "x":181, "y":226 }, { "x":193, "y":213 }, { "x":198, "y":203 }, { "x":178, "y":115 }, { "x":170, "y":113 }, { "x":146, "y":117 } ],
					[ { "x":190, "y":123 }, { "x":178, "y":115 }, { "x":198, "y":203 }, { "x":204, "y":178 }, { "x":202, "y":151 }, { "x":198, "y":137 } ]
				]
			},
			{
				"label": "",
				"isSensor": false,
				"vertices": [
					[ { "x":43, "y":288 }, { "x":69, "y":274 }, { "x":68, "y":150 }, { "x":43, "y":163 } ]
				]
			},
			{
				"label": "",
				"isSensor": false,
				"vertices": [
					[ { "x":326, "y":399 }, { "x":327, "y":378 }, { "x":326, "y":359 }, { "x":311, "y":329 }, { "x":311, "y":398 } ],
					[ { "x":325, "y":329 }, { "x":311, "y":329 }, { "x":326, "y":359 } ],
					[ { "x":352, "y":334 }, { "x":326, "y":359 }, { "x":347, "y":360 }, { "x":370, "y":341 }, { "x":372, "y":337 } ],
					[ { "x":374, "y":407 }, { "x":347, "y":360 }, { "x":336, "y":369 }, { "x":356, "y":404 } ],
					[ { "x":327, "y":378 }, { "x":336, "y":369 }, { "x":326, "y":359 } ],
					[ { "x":336, "y":369 }, { "x":347, "y":360 }, { "x":326, "y":359 } ]
				]
			},
			{
				"label": "",
				"isSensor": false,
				"vertices": [
					[ { "x":246, "y":387 }, { "x":247, "y":318 }, { "x":232, "y":318 }, { "x":232, "y":388 } ],
					[ { "x":247, "y":318 }, { "x":247, "y":344 }, { "x":273, "y":387 }, { "x":273, "y":362 } ],
					[ { "x":273, "y":387 }, { "x":288, "y":387 }, { "x":287, "y":318 }, { "x":274, "y":317 } ]
				]
			}
		]
	}
}
